#CODE;ENGLISH;FRENCH;GERMAN;;SPANISH;;;;;;;;;x
AbrahamDLC; ; ; ;; ;;;;;;;;;x
AfricanPortraitsDLC; ; ; ;; ;;;;;;;;;x
AfricanUnitPackDLC; ; ; ;; ;;;;;;;;;x
ByzantineUnitsDLC; ; ; ;; ;;;;;;;;;x
CK2CoA2DLC; ; ; ;; ;;;;;;;;;x
CK2CoA3DLC; ; ; ;; ;;;;;;;;;x
CK2DLC001; ; ; ;; ;;;;;;;;;x
CK2DLC001_DESC; ; ; ;; ;;;;;;;;;x
CK2DLC002; ; ; ;; ;;;;;;;;;x
CK2DLC002_DESC; ; ; ;; ;;;;;;;;;x
CelticPortraitsDLC; ; ; ;; ;;;;;;;;;x
CelticUnitPackDLC; ; ; ;; ;;;;;;;;;x
CharlemagneDLC; ; ; ;; ;;;;;;;;;x
ConclaveDLC; ; ; ;; ;;;;;;;;;x
CustomizationPackDLC; ; ; ;; ;;;;;;;;;x
DynastyShieldsCharlemagneDLC; ; ; ;; ;;;;;;;;;x
EU4ConverterDLC; ; ; ;; ;;;;;;;;;x
EarlyEasternClothingDLC; ; ; ;; ;;;;;;;;;x
EarlyWesternClothingDLC; ; ; ;; ;;;;;;;;;x
GAME_BOOK; ; ; ;; ;;;;;;;;;x
HolyFuryDLC; ; ; ;; ;;;;;;;;;x
HorseLordsDLC; ; ; ;; ;;;;;;;;;x
HymnsOfAbrahamDLC; ; ; ;; ;;;;;;;;;x
HymnsToTheOldGodsDLC; ; ; ;; ;;;;;;;;;x
IberianPortraitsDLC; ; ; ;; ;;;;;;;;;x
IberianUnitPackDLC; ; ; ;; ;;;;;;;;;x
IndiaDLC; ; ; ;; ;;;;;;;;;x
JadeDragonDLC; ; ; ;; ;;;;;;;;;x
LegacyOfRomeDLC; ; ; ;; ;;;;;;;;;x
MOUPDLC; ; ; ;; ;;;;;;;;;x
MediterraneanPortraitsDLC; ; ; ;; ;;;;;;;;;x
MonksAndMysticsDLC; ; ; ;; ;;;;;;;;;x
NEW_DLC_AVAILABLE; ; ; ;; ;;;;;;;;;x
NorsePortraitsDLC; ; ; ;; ;;;;;;;;;x
NorseUnitPackDLC; ; ; ;; ;;;;;;;;;x
PURCHASE_GAME_BOOK; ; ; ;; ;;;;;;;;;x
ReapersDLC; ; ; ;; ;;;;;;;;;x
RulerDesignerDLC; ; ; ;; ;;;;;;;;;x
RussianPortraitsDLC; ; ; ;; ;;;;;;;;;x
RussianUnitPackDLC; ; ; ;; ;;;;;;;;;x
SongsOfAlbionDLC; ; ; ;; ;;;;;;;;;x
SongsOfArabiaDLC; ; ; ;; ;;;;;;;;;x
SongsOfByzantiumDLC; ; ; ;; ;;;;;;;;;x
SongsOfFaithDLC; ; ; ;; ;;;;;;;;;x
SongsOfIndiaDLC; ; ; ;; ;;;;;;;;;x
SongsOfProsperityDLC; ; ; ;; ;;;;;;;;;x
SongsOfTheCaliphDLC; ; ; ;; ;;;;;;;;;x
SongsOfTheHolyLandDLC; ; ; ;; ;;;;;;;;;x
SongsOfTheRusDLC; ; ; ;; ;;;;;;;;;x
SunsetInvasionDLC; ; ; ;; ;;;;;;;;;x
SwordOfIslamDLC; ; ; ;; ;;;;;;;;;x
TheOldGodsDLC; ; ; ;; ;;;;;;;;;x
TheRepublicDLC; ; ; ;; ;;;;;;;;;x
TurkishPortraitDLC; ; ; ;; ;;;;;;;;;x
TurkishUnitPackDLC; ; ; ;; ;;;;;;;;;x
WayOfLifeDLC; ; ; ;; ;;;;;;;;;x
WoFUPDLC; ; ; ;; ;;;;;;;;;x
ZeusDLC; ; ; ;; ;;;;;;;;;x